{
    "stocks": {
        "AMZN": {
            "11.11": 97.50424600000001,
            "10.11": 93.479862,
            "09.11": 83.33183600000001,
            "08.11": 87.04665200000001
        },
        "AIR": {
            "11.11": 43.455608000000005,
            "10.11": 44.316594,
            "09.11": 42.149618000000004,
            "08.11": 42.846146
        }
    },
    "etfs": {
        "URTH": {
            "11.11": 109.335548,
            "10.11": 107.855426,
            "09.11": 102.215484,
            "08.11": 104.18898
        }
    },
    "cryptos": {
        "ETH": {
            "14.11": 1155.839846,
            "13.11": 1181.6694260000002,
            "12.11": 1216.26365,
            "11.11": 1247.249472,
            "10.11": 1256.923472,
            "09.11": 1066.7810020000002,
            "08.11": 1291.256498
        }
    }
}